{
  "timestamp": "2025-05-14T20:14:36.237045",
  "metrics": {
    "did_creation": {
      "min": 54.19659614562988,
      "max": 86.10177040100098,
      "avg": 70.14918327331543,
      "count": 2,
      "total": 140.29836654663086
    },
    "credential_issuance": {
      "min": 39.52479362487793,
      "max": 39.52479362487793,
      "avg": 39.52479362487793,
      "count": 1,
      "total": 39.52479362487793
    },
    "zkp_compilation": {
      "min": 0.0021457672119140625,
      "max": 0.0021457672119140625,
      "avg": 0.0021457672119140625,
      "count": 1,
      "total": 0.0021457672119140625
    },
    "zkp_setup": {
      "min": 0.000476837158203125,
      "max": 0.000476837158203125,
      "avg": 0.000476837158203125,
      "count": 1,
      "total": 0.000476837158203125
    },
    "zkp_witness": {
      "min": 0.000476837158203125,
      "max": 0.000476837158203125,
      "avg": 0.000476837158203125,
      "count": 1,
      "total": 0.000476837158203125
    },
    "zkp_proof": {
      "min": 4501.977205276489,
      "max": 4501.977205276489,
      "avg": 4501.977205276489,
      "count": 1,
      "total": 4501.977205276489
    },
    "access_control": {
      "min": 860.9004020690918,
      "max": 860.9004020690918,
      "avg": 860.9004020690918,
      "count": 1,
      "total": 860.9004020690918
    }
  }
}