{
  "timestamp": "2025-05-15T17:49:04.555994",
  "metrics": {
    "did_creation": {
      "min": 136.45124435424805,
      "max": 281.6314697265625,
      "avg": 209.04135704040527,
      "count": 2,
      "total": 418.08271408081055
    },
    "credential_issuance": {
      "min": 47.50704765319824,
      "max": 47.50704765319824,
      "avg": 47.50704765319824,
      "count": 1,
      "total": 47.50704765319824
    },
    "zkp_compilation": {
      "min": 0.0035762786865234375,
      "max": 0.0035762786865234375,
      "avg": 0.0035762786865234375,
      "count": 1,
      "total": 0.0035762786865234375
    },
    "zkp_setup": {
      "min": 0.000476837158203125,
      "max": 0.000476837158203125,
      "avg": 0.000476837158203125,
      "count": 1,
      "total": 0.000476837158203125
    },
    "zkp_witness": {
      "min": 0.000476837158203125,
      "max": 0.000476837158203125,
      "avg": 0.000476837158203125,
      "count": 1,
      "total": 0.000476837158203125
    },
    "zkp_proof": {
      "min": 5451.695442199707,
      "max": 5451.695442199707,
      "avg": 5451.695442199707,
      "count": 1,
      "total": 5451.695442199707
    },
    "access_control": {
      "min": 978.459358215332,
      "max": 978.459358215332,
      "avg": 978.459358215332,
      "count": 1,
      "total": 978.459358215332
    }
  }
}